Neamt,Lugoj
Neamt,Timisoara
Neamt,Zerind
Iasi,Lugoj
Iasi,Timisoara
Iasi,Zerind
Neamt,Mehadia
Neamt,Oradea
Neamt,Arad
Eforie,Lugoj
Eforie,Timisoara
Eforie,Zerind
Iasi,Mehadia
Iasi,Oradea
Iasi,Arad
Neamt,Sibiu
Neamt,Drobeta
Hirsova,Lugoj
Hirsova,Timisoara
Hirsova,Zerind
Eforie,Mehadia
Eforie,Oradea
Eforie,Arad
Lugoj,Vaslui
Vaslui,Timisoara
Vaslui,Zerind
Iasi,Sibiu
Iasi,Drobeta
Neamt,Craiova
Neamt,Rimnicu
Sibiu,Eforie
Hirsova,Mehadia
Hirsova,Oradea
Hirsova,Arad
Giurgiu,Lugoj
Giurgiu,Timisoara
Giurgiu,Zerind
Eforie,Drobeta
Lugoj,Urziceni
Vaslui,Mehadia
Vaslui,Oradea
Vaslui,Arad
Timisoara,Urziceni
Urziceni,Zerind
Iasi,Craiova
Iasi,Rimnicu
Neamt,Pitesti
Neamt,Giurgiu
Neamt,Eforie
Neamt,Fagaras
